{"intercept": [-0.6221175839771189], "coef": [[-0.27727573251181326, 0.24935748752840364, -0.04045038430647829, -0.08060799580163104, -0.22531255737036435, -0.24469116486970588, -0.16116017988771206, 0.1750107962525135, 0.9096026759890213, -0.03842344379554988, -0.029989545411998438, 0.23300955222434871, 0.05090987059171887, 0.12493696904056983, 0.08354013095688408, -0.29697555066269504, -0.1632798988068185, 0.10213760851786646, 0.12101437985626197, -0.0850068639283907, -0.07812713235229078, 0.03374812653897215, -0.02312374814900918, 0.06947609612641242, -0.05242420262184187, 0.020467094409230037, -0.014751772113166023, 0.15338885345041386, 0.029556098637832887, 0.06654483608928335, 0.14933132604143304, 0.25420025059588003, 0.12850230838206264, -0.06093999673743725, -0.07256439735656986, -0.21614038005789846, 0.42165304068257686, -0.15353383446210953, 0.11328231220839383, 0.09787914680363272, -0.18339851615584188, 0.0783933760266367, 0.032375190561279896, -0.031979004811391536, -0.8303272077603512, 0.2119014856680673, 0.2080036200915039, -0.012968251579941093, 0.08085848235621165, 0.013959788288103812, -0.05684663457653875, 0.052369078001816616, -0.07234770121787808, 0.06084711860280403, -0.21520024380362293, -0.026115042966380234, 0.07827707786280441, 0.016460059096173086, 0.1646661544831439, 0.14518336829465375, 0.203288385403181, 0.027359599051315346, -0.05436498124058608, -0.009366902776221476, 0.030604369673502854, -0.1922024764820416, -0.41754284891539534, 0.03885852820288179, 0.12380763229913927, 0.002911138849170082, 0.10849923271611428, -0.2312301848353417, -0.07376726014523782, -0.28380884255537725, -0.13166578087360406, 0.27152714809743805, -0.2620145032521149, -0.06068049108993134, 0.12408416563522619, -0.10914380964999386, 0.12536844503156172, 0.1338744958974842, -0.1502387257111898, 0.06873723240400166, 0.013133919781172227, -0.03107242986170281, -0.04973053713081565, -0.03522746320894662, -0.06508557260484912, 0.2680874446488278, 0.08728500375576005, 0.03912415587051066, -0.3862910592786534, 0.0774043769988366, -0.49104132034267667, 0.206884629146518, -0.40725701624135097, -0.48852237781008384, -0.19052890714001658, 0.23405434778824402, 0.05228803261594593, 0.10310500741561635, 0.029732951621791657, -0.04075505902895674, -0.20005021537163212, -0.18835588987838087, -0.04491865832397628, -0.12417130475194574, 0.026906034258620575, 0.6552751165641841, 0.045520170234256106, 0.025124637877443623, 0.12946991658085585, -0.01956758516756177, 0.09545023303986598, 0.004357077545328468, -0.17419547406607688, 0.08672812921975236, -0.021770414005447318, 0.14166615290399756, -0.16648796877430053, 0.04645657491988217, 0.12951970735151916, -0.02129724510082752, -0.021615747167446197, -0.018292466994004095, -0.1384826569375323, -0.03275808265850284, -0.23719715286493814, 0.022884897668150196, 0.06934520592995573, 0.05993354648560111, 0.1832094752262592, 0.010482126390288584, -0.16643963350737428, -0.08063156419130754, -0.13965516618758467, 0.5653604173093609, -0.08818322125559298, 0.13635545081480518, 0.0016181086449742203, 0.03176265531128582, 0.09686202117505012, -0.0710580344001795, 0.05535100571855357, 0.17169491618028965, 0.1004150810283562, 0.01668654041717061, -0.13978152377516476, 0.033998232347833834, 0.0258754030259575, 0.019397405273007175, 0.028314571397690176, 0.03524747713499071, 0.2223324278276632, -0.11742032840434068, 0.03512465185176112, -0.02201778121113144, -0.007910336184756356, 0.011480589146603078, 0.0053585150456610334, 0.006147483227813712, 0.13533352371372415, -0.2180606267487019, -0.004199498835231963, -0.16606508127083602, -0.04186017541919644, -0.18363349461772438, -0.1262410319520527, -0.10755866611573658, 0.023894504253605682, -0.16386206243998924, 0.26192780384287384, -0.10130026748385784, -0.08795351255958603, -0.2210833349969845, -0.13131721012763098, 0.25552259593760746, -0.1604508227135212, -0.09886097003832066, 0.05447888472241743, -0.21986959542905563, 0.07793273414236017, 7.029920242509237e-05, -0.08127968406532714, 0.011299809694197777, 0.177120452617315, 0.14500478069559897, 0.051627339423321504, 0.11720569326505971, -0.08193940474754814, -0.02833906610380481, -0.10911605297396403, -0.2722113649979545, 0.2594833732413369, -0.1954822679440563, 0.05283921547136382, -0.4781175572077103, -0.12121930436733327, -0.2662610296868737, 0.30787199193263814, 0.020957791004004876, 0.006041960133837093, 0.04120400137543903, -0.1549771490854815, -0.15961762872607277, -0.10466719792241674, -0.05603131089227738, -0.13062265977162207, -0.0983693185066385, -0.11183417799689116, -0.27815419105641215, -0.04339746165113795, 0.031653908431000834, 0.06285701146620641]], "classes": [0, 1],